{
  "train_mae": 0.04486643944934732,
  "test_mae": 0.09557357736004708,
  "train_rmse": 0.06065642264202099,
  "test_rmse": 0.12346191639089024,
  "train_r2": 0.9784266910548876,
  "test_r2": 0.9299146037377825,
  "cv_mae": 0.09950305789951865,
  "cv_std": 0.006984879171545945
}